Workbook

Sheet README
B2: Freight Vehicle Involvement and Crash Severity in São Paulo State (2015–2025)
B4: About this workbook
B5: Data workbook for the article: 'Freight Vehicle Involvement and Crash Severity in São Paulo State: Evidence from Traffic-Safety Data'. It consolidates official crash microdata (INFOSIGA-SP / DETRAN-SP), population data (IBGE 2022 Census), road data (DER-SP) and verified literature benchmarks into analysis-ready tables with full source traceability.
B7: Core data sources
B8: 1. INFOSIGA-SP open data (dadosabertos.sp.gov.br): monthly CSV microdata for crash events (sinistros), people involved (pessoas) and vehicles involved (veiculos), Jan 2015 – Dec 2025 — 396 files, 1,324,688 crash records, 1,793,339 person records, 1,566,306 vehicle records.
B9: 2. IBGE 2022 Demographic Census (SIDRA table 4709): resident population of all 645 São Paulo State municipalities (44,411,238 inhabitants).
B10: 3. IBGE population estimates (SIDRA table 6579 + Census 2022): annual state population 2015–2025 for mortality rates.
B11: 4. DER-SP open data: VDM traffic volumes (2020–2025), crash statistics on the DER-administered network (2023–2025), state road network, and the official Anuário Rodoviário de Sinistralidade 2024.
B12: 5. Published literature and official reports (ONSV, PRF, CNT, peer-reviewed studies): comparison benchmarks (see Benchmarks sheet).
B14: Analysis design — two data tiers
B15: Tier 1 (2015–2025, 11 years): INFOSIGA's fatal-crash series is complete and consistent across the whole period. Used for trends, corridor and municipal analyses of fatal crashes and deaths.
B16: Tier 2 (2019–2025, 7 years): the open-data series covers ALL crashes from 2019 onward (fatal + non-fatal + notifications). Used for crash-severity modelling (fatality rates, chi-square tests, logistic regressions).
... B34: Annual_Series — state trends 2015–2025 | Severity_Spectrum — severity by involvement group (2019–2025) | Stat_Tests — chi-square & stratified | Regression_Crash / Regression_Person — logistic models | Truck_Victims — who dies in truck crashes | Yearly_Severity — fatality rate trends by group | Corridors — top highways | Municipalities — top 50 with IBGE population | Crash_Types — crash type × truck | Fleet_Vehicles — vehicles involved | DER_SP_Data — DER traffic volumes & network crashes | Benchmarks — literature/official comparisons | Sources — full source registry | Review — integrity checks.

Sheet Data_Dictionary
B2: Data Dictionary — INFOSIGA-SP fields and categories (PT → EN)
B4: Field | C4: Source table | D4: Description (EN) | E4: Values
B5: id_sinistro | C5: Sinistros / Pessoas / Veiculos | D5: Crash event ID (links the three tables) | E5: e.g., 2478813
B6: tipo_registro | C6: Sinistros | D6: Record type | E6: SINISTRO FATAL (fatal) / SINISTRO NAO FATAL (injury) / NOTIFICACAO (notification, no coded severity)
B7: tipo_via | C7: Sinistros / Pessoas | D7: Road type | E7: VIAS URBANAS (urban streets) / ESTRADAS E RODOVIAS (highways & roads) / NAO DISPONIVEL
B8: qtd_caminhao | C8: Sinistros | D8: Number of trucks involved in the crash | E8: 0–N
B9: qtd_onibus | C9: Sinistros | D9: Number of buses involved in the crash | E9: 0–N
B10: qtd_automovel / qtd_motocicleta / qtd_bicicleta / qtd_pedestre | C10: Sinistros | D10: Number of cars / motorcycles / bicycles / pedestrians involved | E10: 0–N
B11: qtd_gravidade_fatal | C11: Sinistros | D11: Deaths in the crash | E11: 0–N
B12: qtd_gravidade_grave / leve / ileso | C12: Sinistros | D12: Seriously injured / slightly injured / uninjured persons in the crash | E12: 0–N
B13: tp_sinistro_primario | C13: Sinistros | D13: Primary crash type | E13: COLISAO, CHOQUE, ATROPELAMENTO, CAPOTAMENTO, ENGAVETAMENTO, TOMBAMENTO, OUTROS
B14: logradouro | C14: Sinistros | D14: Road/street name (highways as 'BR 116', 'SP 330'...) | E14: text
B15: rodovia_cod (derived) | C15: Sinistros | D15: Normalized highway code extracted from logradouro | E15: BR-116, SP-330, ...
... B24: marca_modelo / ano_fab / ano_modelo | C24: Veiculos | D24: Make-model, manufacture/model year | E24: text / year
B26: Source: INFOSIGA-SP data dictionary and observed values; see Sources sheet for dataset URLs.
B27: Derived flags used in this workbook: envolve_caminhao (qtd_caminhao > 0), envolve_onibus (qtd_onibus > 0), envolve_pesado (truck or bus > 0).

Sheet Annual_Series
B2: São Paulo State — Fatal Crash Series, 2015–2025 (INFOSIGA-SP)
B4: Year | C4: Fatal crashes | D4: Deaths | E4: Truck-involved fatal crashes | F4: Truck-involved deaths | G4: Heavy-vehicle fatal crashes | H4: Heavy-vehicle deaths | I4: Bus-involved fatal crashes | J4: Highway fatal crashes | K4: Urban-street fatal crashes | L4: Truck fatal — highway | M4: Truck fatal — urban | N4: Population | O4: Deaths per 100k inhab. | P4: Truck % of fatal crashes | Q4: Truck % of deaths | R4: Heavy veh. % of fatal crashes | S4: Deaths per fatal crash | T4: Deaths per truck fatal crash
B5: 2015 | C5: 5952 | D5: 6327 | E5: 913 | F5: 1026 | G5: 1331 | H5: 1472 | I5: 441 | J5: 1750 | K5: 4202 | L5: 464 | M5: 449 | N5: 44396484 | O5: 14.25 | P5: 15.3 | Q5: 16.2 | R5: 22.4 | S5: 1.063 | T5: 1.124
B6: 2016 | C6: 5315 | D6: 5741 | E6: 807 | F6: 892 | G6: 1193 | H6: 1330 | I6: 421 | J6: 1711 | K6: 3604 | L6: 405 | M6: 402 | N6: 44749699 | O6: 12.83 | P6: 15.2 | Q6: 15.5 | R6: 22.4 | S6: 1.08 | T6: 1.105
B7: 2017 | C7: 5071 | D7: 5409 | E7: 733 | F7: 826 | G7: 1112 | H7: 1242 | I7: 394 | J7: 1818 | K7: 3253 | L7: 442 | M7: 291 | N7: 45094866 | O7: 11.99 | P7: 14.5 | Q7: 15.3 | R7: 21.9 | S7: 1.067 | T7: 1.127
B8: 2018 | C8: 4870 | D8: 5236 | E8: 725 | F8: 821 | G8: 1092 | H8: 1214 | I8: 387 | J8: 2117 | K8: 2753 | L8: 527 | M8: 198 | N8: 45538936 | O8: 11.5 | P8: 14.9 | Q8: 15.7 | R8: 22.4 | S8: 1.075 | T8: 1.132
B9: 2019 | C9: 4804 | D9: 5171 | E9: 741 | F9: 843 | G9: 1080 | H9: 1217 | I9: 358 | J9: 2167 | K9: 2637 | L9: 529 | M9: 212 | N9: 45919049 | O9: 11.26 | P9: 15.4 | Q9: 16.3 | R9: 22.5 | S9: 1.076 | T9: 1.138
B10: 2020 | C10: 4504 | D10: 4842 | E10: 699 | F10: 835 | G10: 893 | H10: 1040 | I10: 208 | J10: 1917 | K10: 2587 | L10: 497 | M10: 202 | N10: 46289333 | O10: 10.46 | P10: 15.5 | Q10: 17.2 | R10: 19.8 | S10: 1.075 | T10: 1.195
B11: 2021 | C11: 4614 | D11: 4858 | E11: 742 | F11: 814 | G11: 963 | H11: 1051 | I11: 237 | J11: 1994 | K11: 2620 | L11: 544 | M11: 198 | N11: 46649132 | O11: 10.41 | P11: 16.1 | Q11: 16.8 | R11: 20.9 | S11: 1.053 | T11: 1.097
B12: 2022 | C12: 5122 | D12: 5444 | E12: 813 | F12: 887 | G12: 1089 | H12: 1190 | I12: 293 | J12: 2144 | K12: 2978 | L12: 560 | M12: 253 | N12: 44411238 | O12: 12.26 | P12: 15.9 | Q12: 16.3 | R12: 21.3 | S12: 1.063 | T12: 1.091
B13: 2023 | C13: 5170 | D13: 5489 | E13: 791 | F13: 867 | G13: 1112 | H13: 1224 | I13: 333 | J13: 2151 | K13: 3019 | L13: 566 | M13: 225 | N13: 45192216 | O13: 12.15 | P13: 15.3 | Q13: 15.8 | R13: 21.5 | S13: 1.062 | T13: 1.096
B14: 2024 | C14: 5842 | D14: 6178 | E14: 898 | F14: 996 | G14: 1239 | H14: 1370 | I14: 360 | J14: 2331 | K14: 3511 | L14: 627 | M14: 271 | N14: 45973194 | O14: 13.44 | P14: 15.4 | Q14: 16.1 | R14: 21.2 | S14: 1.058 | T14: 1.109
B15: 2025 | C15: 5788 | D15: 6125 | E15: 917 | F15: 1023 | G15: 1240 | H15: 1361 | I15: 340 | J15: 2305 | K15: 3483 | L15: 632 | M15: 285 | N15: 46081801 | O15: 13.29 | P15: 15.8 | Q15: 16.7 | R15: 21.4 | S15: 1.058 | T15: 1.116
B16: Total | C16: =SUM(C5:C15) -> 57052 | D16: =SUM(D5:D15) -> 60820 | E16: =SUM(E5:E15) -> 8779 | F16: =SUM(F5:F15) -> 9830 | G16: =SUM(G5:G15) -> 12344 | H16: =SUM(H5:H15) -> 13711 | I16: =SUM(I5:I15) -> 3772 | J16: =SUM(J5:J15) -> 22405 | ... M16: =SUM(M5:M15) -> 2986
B18: Population: IBGE annual estimates (t.6579); 2022 = Census 2022; 2023 = interpolated (Census 2022–2024 estimate).
B19: Fatal crashes 2015–2025 form a consistent series (INFOSIGA registers every crash with at least one death).
B20: Truck = INFOSIGA category CAMINHÃO; heavy vehicle = truck or bus (ÔNIBUS).

Sheet Severity_Spectrum
B2: Crash Severity by Vehicle Involvement — Crashes with Victims, 2019–2025
B4: Crash group | C4: Crashes | D4: Fatal crashes | E4: Deaths | F4: Serious injuries | G4: Minor injuries | H4: Uninjured | I4: Fatal-crash rate (%) | J4: Deaths per 100 crashes | K4: Victims per crash
B5: All crashes w/ victims | C5: 870477 | D5: 35844 | E5: 38107 | F5: 90141 | G5: 781215 | H5: 698227 | I5: 4.12 | J5: 4.38 | K5: 1.04
B6: Truck-involved | C6: 50281 | D6: 5601 | E6: 6265 | F6: 7883 | G6: 38895 | H6: 49140 | I6: 11.14 | J6: 12.46 | K6: 1.05
B7: No truck | C7: 820196 | D7: 30243 | E7: 31842 | F7: 82258 | G7: 742320 | H7: 649087 | I7: 3.69 | J7: 3.88 | K7: 1.04
B8: Bus-involved | C8: 31208 | D8: 2129 | E8: 2406 | F8: 3396 | G8: 30419 | H8: 39378 | I8: 6.82 | J8: 7.71 | K8: 1.16
B9: Heavy vehicle (truck or bus) | C9: 80303 | D9: 7616 | E9: 8453 | F9: 11060 | G9: 67535 | H9: 86456 | I9: 9.48 | J9: 10.53 | K9: 1.08
B10: No heavy vehicle | C10: 790174 | D10: 28228 | E10: 29654 | F10: 79081 | G10: 713680 | H10: 611771 | I10: 3.57 | J10: 3.75 | K10: 1.04
B11: Truck — highway | C11: 26818 | D11: 3955 | E11: 4539 | F11: 4311 | G11: 18109 | H11: 21331 | I11: 14.75 | J11: 16.93 | K11: 1.01
B12: Truck — urban street | C12: 23463 | D12: 1646 | E12: 1726 | F12: 3572 | G12: 20786 | H12: 27809 | I12: 7.02 | J12: 7.36 | K12: 1.11
B13: No truck — highway | C13: 140297 | D13: 11054 | E13: 12061 | F13: 22697 | G13: 122836 | H13: 79046 | I13: 7.88 | J13: 8.6 | K13: 1.12
B14: No truck — urban street | C14: 679899 | D14: 19189 | E14: 19781 | F14: 59561 | G14: 619484 | H14: 570041 | I14: 2.82 | J14: 2.91 | K14: 1.03
B15: Motorcycle-involved | C15: 513588 | D15: 16768 | E15: 17427 | F15: 62746 | G15: 516798 | H15: 433104 | I15: 3.26 | J15: 3.39 | K15: 1.16
B16: Pedestrian-involved | C16: 66605 | D16: 8623 | E16: 8758 | F16: 8820 | G16: 59491 | H16: 57425 | I16: 12.95 | J16: 13.15 | K16: 1.16
B17: Bicycle-involved | C17: 32707 | D17: 2636 | E17: 2662 | F17: 3451 | G17: 31303 | H17: 28519 | I17: 8.06 | J17: 8.14 | K17: 1.14
B19: Universe: crashes with victims (SINISTRO FATAL + SINISTRO NAO FATAL), 2019–2025, n = 870,477. NOTIFICACAO events excluded.
B20: Fatal-crash rate = share of crashes with at least one death. Deaths per 100 crashes = total deaths / crashes × 100.

Sheet Stat_Tests
B2: Association between Truck Involvement and Fatal Outcome
B4: Overall test (2019–2025, crashes with victims)
B5: Test | C5: Chi-square | D5: df | E5: p-value | F5: Odds ratio (fatal | truck) | G5: 95% CI low | H5: 95% CI high | I5: Fatal rate — no truck (%) | J5: Fatal rate — truck (%)
B6: Fatal crash x truck involvement (2019-2025) | C6: 6662 | D6: 1 | E6: < 0.001 | F6: 3.27 | G6: 3.18 | H6: 3.37 | I6: 3.69 | J6: 11.14
B9: Stratified by road type
B10: Stratum | C10: Crashes (n) | D10: Fatal rate — no truck (%) | E10: Fatal rate — truck (%) | F10: Odds ratio | G10: 95% CI low | H10: 95% CI high | I10: p-value
B11: Highways | C11: 167115 | D11: 7.88 | E11: 14.75 | F11: 2.02 | G11: 1.95 | H11: 2.1 | I11: < 0.001
B12: Urban streets | C12: 701328 | D12: 2.54 | E12: 6.89 | F12: 2.84 | G12: 2.69 | H12: 2.99 | I12: < 0.001
B14: Interpretation: truck involvement triples the odds of a fatal outcome overall (OR = 3.27). The association persists within road types —
B15: on urban streets (OR = 2.84) and on highways (OR = 2.02) — confirming that the truck effect is not only a road-type composition effect.
B16: Chi-square tests of independence; odds ratios with Woolf 95% confidence intervals. All p < 0.001.

Sheet Regression_Crash
B2: Logistic Regression — Probability a Crash Is Fatal (crash-level, 2019–2025)
B4: Predictor | C4: Coefficient | D4: Odds ratio | E4: 95% CI low | F4: 95% CI high | G4: p-value | H4: n (crashes)
B5: Intercept | C5: -4.2184 | D5: 0.015 | E5: 0.014 | F5: 0.015 | G5: < 0.001 | H5: 868443
B6: Truck involved | C6: 0.9341 | D6: 2.545 | E6: 2.461 | F6: 2.632 | G6: < 0.001 | H6: 868443
B7: Bus involved | C7: 0.6111 | D7: 1.842 | E7: 1.756 | F7: 1.933 | G7: < 0.001 | H7: 868443
B8: Motorcycle involved | C8: 0.0263 | D8: 1.027 | E8: 1.002 | F8: 1.052 | G8: 0.032 | H8: 868443
B9: Pedestrian involved | C9: 1.7085 | D9: 5.52 | E9: 5.363 | F9: 5.682 | G9: < 0.001 | H9: 868443
B10: Bicycle involved | C10: 0.8155 | D10: 2.26 | E10: 2.159 | F10: 2.367 | G10: < 0.001 | H10: 868443
B11: Highway (vs urban street) | C11: 1.3435 | D11: 3.832 | E11: 3.741 | F11: 3.926 | G11: < 0.001 | H11: 868443
B12: Year (per year since 2019) | C12: 0.0586 | D12: 1.06 | E12: 1.054 | F12: 1.067 | G12: < 0.001 | H12: 868443
B14: Model: logit(P(crash fatal)) = β0 + β1·truck + β2·bus + β3·motorcycle + β4·pedestrian + β5·bicycle + β6·highway + β7·year.
B15: Universe: 868,443 crashes with victims on urban streets or highways, 2019–2025. Reference: crash without the given involvement, urban street, 2019.
B16: Reading: a truck-involved crash has 2.55× the odds of being fatal compared with an otherwise identical crash without a truck.
B17: Highway context is the strongest contextual predictor (OR = 3.83); pedestrian involvement the strongest road-user predictor (OR = 5.52).

Sheet Regression_Person
B2: Logistic Regression — Probability a Victim Dies (person-level, 2019–2025)
B4: Predictor | C4: Odds ratio | D4: 95% CI low | E4: 95% CI high | F4: p-value | G4: n (persons)
B5: Victim travelling in truck | C5: 2.184 | D5: 2.063 | E5: 2.313 | F5: < 0.001 | G5: 1485703
B6: Victim travelling in bus | C6: 0.578 | D6: 0.515 | E6: 0.649 | F6: < 0.001 | G6: 1485703
B7: Victim on motorcycle | C7: 2.329 | D7: 2.266 | E7: 2.394 | F7: < 0.001 | G7: 1485703
B8: Victim is pedestrian | C8: 7.936 | D8: 7.698 | E8: 8.182 | F8: < 0.001 | G8: 1485703
B9: Age (per year) | C9: 1.016 | D9: 1.015 | E9: 1.017 | F9: < 0.001 | G9: 1485703
B10: Intercept | C10: 0.007 | D10: 0.006 | E10: 0.007 | F10: < 0.001 | G10: 1485703
B12: Model: logit(P(victim dies)) = β0 + β1·truck + β2·bus + β3·motorcycle + β4·pedestrian + β5·age.
B13: Universe: 1,485,703 persons with coded severity (FATAL/GRAVE/LEVE/ILESO) in car, motorcycle, truck, bus or on foot, 2019–2025.
B14: Reference category: car occupant. Bus occupancy is protective (OR = 0.58); truck occupants (OR = 2.18) and motorcyclists (OR = 2.33) die more often than car occupants.
B15: Cyclists are excluded from the model: INFOSIGA records bicycle persons almost exclusively when killed (see README limitations).

Sheet Truck_Victims
B2: Who Dies in Truck-Involved Fatal Crashes (2015–2025)
B4: Deaths by victim transport mode — truck-involved fatal crashes, 2015–2025 (n = 9,830 deaths)
B5: Victim transport mode | C5: Deaths | D5: Share (%)
B6: Car occupants | C6: 3111 | D6: 31.6
B7: Motorcyclists | C7: 2817 | D7: 28.7
B8: Truck occupants | C8: 1877 | D8: 19.1
B9: Pedestrians | C9: 1313 | D9: 13.4
B10: Cyclists | C10: 382 | D10: 3.9
B11: Bus occupants | C11: 196 | D11: 2
B12: Not available | C12: 92 | D12: 0.9
B13: Others | C13: 42 | D13: 0.4
B14: Total | C14: =SUM(C6:C13) -> 9830
B16: Externality: 80.9% of those killed were not truck occupants.
B19: Vulnerable-road-user comparison: truck-involved vs all fatal crashes
B20: Context | C20: Total deaths | D20: Pedestrians | E20: Cyclists | F20: Motorcyclists | G20: Truck occupants | H20: Car occupants | I20: Bus occupants
B21: Truck-involved fatal crashes | C21: 9830 | D21: 1313 | E21: 382 | F21: 2817 | G21: 1877 | H21: 3111 | I21: 196
B22: All fatal crashes | C22: 60820 | D22: 14732 | E22: 3972 | F22: 22702 | G22: 2103 | H22: 14640 | I22: 464
B24: Pedestrians account for 13.4% of deaths in truck-involved fatal crashes vs 24.2% in all fatal crashes.

Sheet Yearly_Severity
B2: Fatality Rate by Truck Involvement and Year (crashes with victims, 2019–2025)
B4: Year | C4: No truck — crashes | D4: Truck-involved — crashes | E4: No truck — fatal_crashes | F4: Truck-involved — fatal_crashes | G4: No truck — fatal rate (%) | H4: Truck-involved — fatal rate (%)
B5: 2019 | C5: 114435 | D5: 6781 | E5: 4063 | F5: 741 | G5: 3.55 | H5: 10.93
B6: 2020 | C6: 107078 | D6: 6896 | E6: 3805 | F6: 699 | G6: 3.55 | H6: 10.14
B7: 2021 | C7: 118966 | D7: 7450 | E7: 3872 | F7: 742 | G7: 3.25 | H7: 9.96
B8: 2022 | C8: 123287 | D8: 7396 | E8: 4309 | F8: 813 | G8: 3.5 | H8: 10.99
B9: 2023 | C9: 132825 | D9: 7677 | E9: 4379 | F9: 791 | G9: 3.3 | H9: 10.3
B10: 2024 | C10: 127969 | D10: 7621 | E10: 4944 | F10: 898 | G10: 3.86 | H10: 11.78
B11: 2025 | C11: 95636 | D11: 6460 | E11: 4871 | F11: 917 | G11: 5.09 | H11: 14.2
B13: The truck fatality penalty is stable across all seven years (truck-involved crashes are ~2.5–3.5× more likely to be fatal every year).

Sheet Corridors
B2: Deadliest Highway Corridors — Fatal Crashes, 2015–2025 (top 30)
B4: Highway | C4: Network | D4: Fatal crashes | E4: Deaths | F4: Truck-involved fatal crashes | G4: Truck-involved deaths | H4: Truck share of fatal crashes (%)
B5: BR-116 | C5: Federal (BR) | D5: 1555 | E5: 1664 | F5: 485 | G5: 539 | H5: 31.2
B6: SP-330 | C6: State (SP) | D6: 1290 | E6: 1367 | F6: 415 | G6: 444 | H6: 32.2
B7: SP-055 | C7: State (SP) | D7: 1007 | E7: 1078 | F7: 150 | G7: 169 | H7: 14.9
B8: SP-270 | C8: State (SP) | D8: 976 | E8: 1043 | F8: 230 | G8: 259 | H8: 23.6
B9: SP-310 | C9: State (SP) | D9: 719 | E9: 788 | F9: 260 | G9: 285 | H9: 36.2
B10: SP-300 | C10: State (SP) | D10: 718 | E10: 783 | F10: 204 | G10: 218 | H10: 28.4
B11: SP-280 | C11: State (SP) | D11: 706 | E11: 777 | F11: 247 | G11: 285 | H11: 35
B12: SP-348 | C12: State (SP) | D12: 555 | E12: 610 | F12: 178 | G12: 203 | H12: 32.1
B13: SP-075 | C13: State (SP) | D13: 443 | E13: 487 | F13: 88 | G13: 98 | H13: 19.9
B14: SP-070 | C14: State (SP) | D14: 437 | E14: 471 | F14: 66 | G14: 71 | H14: 15.1
B15: SP-160 | C15: State (SP) | D15: 415 | E15: 439 | F15: 62 | G15: 67 | H15: 14.9
B16: SP-065 | C16: State (SP) | D16: 401 | E16: 431 | F16: 107 | G16: 116 | H16: 26.7
... B34: SP-079 | C34: State (SP) | D34: 181 | E34: 202 | F34: 39 | G34: 48 | H34: 21.5
B35: Total | D35: =SUM(D5:D34) -> 14677 | E35: =SUM(E5:E34) -> 16106 | F35: =SUM(F5:F34) -> 4110 | G35: =SUM(G5:G34) -> 4653
B37: Highway codes extracted from INFOSIGA 'logradouro'; BR = federal network, SP = state network.
B38: Totals cover the top-30 corridors only. SP-310, SP-330 and SP-280 — the inter-regional freight corridors highlighted in the PLI-SP 2050 framework — all show truck involvement above 32%.

Sheet Municipalities
B2: Top 50 Municipalities by Traffic Deaths — Fatal Crashes 2015–2025 vs IBGE Census 2022
B4: IBGE code | C4: Municipality | D4: Population 2022 | E4: Fatal crashes | F4: Deaths | G4: Truck-involved fatal crashes | H4: Truck-involved deaths | I4: Deaths/100k (11-yr) | J4: Truck share (%)
B5: 3550308 | C5: São Paulo | D5: 11451999 | E5: 9477 | F5: 9792 | G5: 769 | H5: 802 | I5: 85.5 | J5: 8.1
B6: 3509502 | C6: Campinas | D6: 1139047 | E6: 1542 | F6: 1615 | G6: 154 | H6: 166 | I6: 141.8 | J6: 10
B7: 3518800 | C7: Guarulhos | D7: 1291771 | E7: 1462 | F7: 1536 | G7: 168 | H7: 183 | I7: 118.9 | J7: 11.5
B8: 3552205 | C8: Sorocaba | D8: 723682 | E8: 1003 | F8: 1041 | G8: 114 | H8: 131 | I8: 143.8 | J8: 11.4
B9: 3548708 | C9: São Bernardo do Campo | D9: 810729 | E9: 887 | F9: 946 | G9: 145 | H9: 161 | I9: 116.7 | J9: 16.3
B10: 3543402 | C10: Ribeirão Preto | D10: 698642 | E10: 914 | F10: 941 | G10: 87 | H10: 88 | I10: 134.7 | J10: 9.5
B11: 3549904 | C11: São José dos Campos | D11: 697054 | E11: 826 | F11: 860 | G11: 76 | H11: 81 | I11: 123.4 | J11: 9.2
B12: 3525904 | C12: Jundiaí | D12: 443221 | E12: 762 | F12: 803 | G12: 126 | H12: 137 | I12: 181.2 | J12: 16.5
B13: 3549805 | C13: São José do Rio Preto | D13: 480393 | E13: 656 | F13: 671 | G13: 56 | H13: 58 | I13: 139.7 | J13: 8.5
B14: 3530607 | C14: Mogi das Cruzes | D14: 451505 | E14: 621 | F14: 662 | G14: 47 | H14: 54 | I14: 146.6 | J14: 7.6
B15: 3538709 | C15: Piracicaba | D15: 423323 | E15: 596 | F15: 632 | G15: 76 | H15: 84 | I15: 149.3 | J15: 12.8
B16: 3534401 | C16: Osasco | D16: 728615 | E16: 602 | F16: 623 | G16: 91 | H16: 99 | I16: 85.5 | J16: 15.1
... B54: 3525300 | C54: Jaú | D54: 133497 | E54: 226 | F54: 245 | G54: 40 | H54: 51 | I54: 183.5 | J54: 17.7
B55: Total | E55: =SUM(E5:E54) -> 32270 | F55: =SUM(F5:F54) -> 33682 | G55: =SUM(G5:G54) -> 3672 | H55: =SUM(H5:H54) -> 3967
B57: Deaths/100k (11-yr) = deaths 2015–2025 per 100,000 inhabitants (Census 2022 denominator) — a cumulative, not annual, rate.
B58: The full 639-municipality table is provided as companion CSV 11b_municipalities_all.csv.

Sheet Crash_Types
B2: Fatal Crashes by Crash Type and Truck Involvement, 2015–2025
B4: Crash type | C4: No truck | D4: Truck-involved | E4: Total | F4: Truck share (%)
B5: Collision (other) | C5: 15384 | D5: 5377 | E5: 20761 | F5: 25.9
B6: Pedestrian run-over | C6: 13786 | D6: 1442 | E6: 15228 | F6: 9.5
B7: Others | C7: 8906 | D7: 1091 | E7: 9997 | F7: 10.9
B8: Impact with fixed object | C8: 8690 | D8: 814 | E8: 9504 | F8: 8.6
B9: Not available | C9: 1507 | D9: 55 | E9: 1562 | F9: 3.5
B10: Total | C10: =SUM(C5:C9) -> 48273 | D10: =SUM(D5:D9) -> 8779 | E10: =SUM(E5:E9) -> 57052
B12: Crash types per INFOSIGA primary classification. 'Impact with fixed object' (CHOQUE) includes single-vehicle impacts.
B13: Overturning/rollover (TOMBAMENTO/CAPOTAMENTO) and pile-ups (ENGAVETAMENTO) are markedly truck-heavy crash types.

Sheet Fleet_Vehicles
B2: Vehicles Involved in Recorded Crashes by Type and Year (INFOSIGA 'veiculos' table)
B4: Year | C4: AUTOMOVEL | D4: BICICLETA | E4: CAMINHAO | F4: MOTOCICLETA | G4: Not available | H4: ONIBUS | I4: OUTROS
B5: 2015 | C5: 4377 | D5: 295 | E5: 1028 | F5: 3619 | G5: 0 | H5: 471 | I5: 866
B6: 2016 | C6: 4037 | D6: 341 | E6: 903 | F6: 3414 | G6: 0 | H6: 442 | I6: 626
B7: 2017 | C7: 4005 | D7: 341 | E7: 829 | F7: 3610 | G7: 1 | H7: 416 | I7: 642
B8: 2018 | C8: 2778 | D8: 374 | E8: 824 | F8: 2123 | G8: 0 | H8: 392 | I8: 452
B9: 2019 | C9: 88667 | D9: 4185 | E9: 7658 | F9: 71779 | G9: 30065 | H9: 4892 | I9: 5044
B10: 2020 | C10: 83191 | D10: 4488 | E10: 7751 | F10: 70274 | G10: 25431 | H10: 3486 | I10: 4948
B11: 2021 | C11: 92953 | D11: 5147 | E11: 8335 | F11: 79161 | G11: 28594 | H11: 4049 | I11: 5539
B12: 2022 | C12: 97282 | D12: 5100 | E12: 8191 | F12: 81553 | G12: 26158 | H12: 4884 | I12: 5970
B13: 2023 | C13: 98820 | D13: 5083 | E13: 8631 | F13: 84797 | G13: 36930 | H13: 5100 | I13: 6625
B14: 2024 | C14: 98696 | D14: 4863 | E14: 8526 | F14: 86346 | G14: 26506 | H14: 5136 | I14: 6597
B15: 2025 | C15: 80829 | D15: 3842 | E15: 7283 | F15: 73790 | G15: 5476 | H15: 4439 | I15: 6010
B17: 2015–2018 rows cover fatal crashes only (series limitation); 2019+ cover all recorded crashes.
B18: Vehicles, not fleet: these are vehicles involved in crashes — a crash-severity exposure proxy, not vehicle registration.

Sheet DER_SP_Data
B2: DER-SP Open Data — Traffic Volumes, Road Network and Highway Crashes
B4: A. Fatal crashes by road administration (INFOSIGA, 2015–2025)
B5: Road administration | C5: Fatal crashes 2015–2025 | D5: Deaths | E5: Truck-involved fatal crashes
B6: PREFEITURA | C6: 32140 | D6: 33388 | E6: 2988
B7: CONCESSIONÁRIA | C7: 15148 | D7: 16606 | E7: 4217
B8: DER | C8: 6434 | D8: 7442 | E8: 1453
B9: NAO DISPONIVEL | C9: 3236 | D9: 3278 | E9: 114
B10: DNIT | C10: 94 | D10: 106 | E10: 7
B12: PREFEITURA = municipal streets; DER = state-administered highways; CONCESSIONÁRIA = privatised state highways; DNIT = federal roads.
B15: B. Average daily traffic (VDM) — DER-administered state highway sample
B16: Year | C16: Segments with data | D16: Mean AADT (all vehicles) | E16: Mean AADT (passenger cars) | F16: Mean AADT (commercial vehicles) | G16: Commercial share of traffic (%)
B17: 2020 | C17: 35 | D17: 15722 | E17: 14184 | F17: 1537 | G17: 9.8
B18: 2021 | C18: 35 | D18: 17254 | E18: 15583 | F18: 1671 | G18: 9.7
B19: 2022 | C19: 35 | D19: 17711 | E19: 15832 | F19: 1879 | G19: 10.6
B20: 2023 | C20: 33 | D20: 19177 | E20: 16982 | F20: 2195 | G20: 11.4
B21: 2024 | C21: 68 | D21: 13906 | E21: 12023 | F21: 1883 | G21: 13.5
B22: 2025 | C22: 59 | D22: 12472 | E22: 10656 | F22: 1816 | G22: 14.6
B24: Source: DER-SP VDM 2024 (annual values per monitored segment). Segment coverage changed from 35 to 68 segments in 2024 — interpret trends with care.
B25: Commercial vehicles rose from 9.8% to 14.6% of monitored traffic between 2020 and 2025 — freight exposure on the DER network is growing.
B28: C. Top 10 DER segments by commercial-vehicle traffic, 2024
B29: Highway | C29: Highway name | D29: Segment | E29: AADT 2024 | F29: Commercial AADT | G29: Commercial share (%)
B30: SP270 | C30: Raposo Tavares | D30: Cotia-São Paulo | E30: 84900 | F30: 8171 | G30: 9.6
B31: SP304 | C31: Dep.Leônidas Pachêco Ferreira | D31: Americana-Piracicaba | E31: 35978 | F31: 5821 | G31: 16.2
B32: SP354 | C32: Edgar Maximo Zambotto | D32: Campo Limpo Paulista -Jarinu | E32: 18564 | F32: 4690 | G32: 25.3
B33: SP088 | C33: Pedro Eroles | D33: Mogi das Cruzes-São Paulo | E33: 46262 | F33: 4449 | G33: 9.6
B34: SP320 | C34: Euclides da Cunha | D34: Tanabi-Votuporanga | E34: 15970 | F34: 4378 | G34: 27.4
B35: SP320 | C35: Euclides da Cunha | D35: Fernandópolis-Votuporanga | E35: 19260 | F35: 4219 | G35: 21.9
B36: SP055 | C36: Luiz Salomão Chama | D36: Praia Grande-São Paulo | E36: 50248 | F36: 3821 | G36: 7.6
B37: SP055 | C37: Padre Manoel da Nobrega | D37: Itanhaem-Mongaguá | E37: 44949 | F37: 3803 | G37: 8.5
B38: SP270 | C38: Raposo Tavares | D38: Angatuba-Itapetininga | E38: 11908 | F38: 3614 | G38: 30.3
B39: SP320 | C39: Euclides da Cunha | D39: Jales-Santa Fé do Sul | E39: 12154 | F39: 3459 | G39: 28.5
B42: D. Crashes on the DER-administered highway network (DER-SP open data)
B43: Year | C43: Crashes (all) | D43: Crashes with deaths | E43: Deaths | F43: Serious injuries | G43: Minor injuries
B44: 2023 | C44: 14389 | D44: 662 | E44: 744 | F44: 2663 | G44: 9669
B45: 2024 | C45: 13882 | D45: 695 | E45: 769 | F45: 2628 | G45: 10029
B46: 2025 | C46: 13599 | D46: 565 | E46: 671 | F46: 1627 | G46: 7023
B48: DER-SP records cover only the non-conceded state network; conceded highways (ARTESP) and municipal streets are outside this scope.
B49: 2025: 565 crashes with 671 deaths (classification of 'fatal crash' events changed in the 2025 file; counts derived from the Fatality column).

Sheet Benchmarks
B2: Verified Benchmarks — Official Statistics and Published Literature
B4: Benchmark | C4: Value | D4: Source | E4: URL | F4: Notes
B5: Brazil — all traffic deaths, 2024 | C5: 37,150 deaths (+6.5% vs 2023) | D5: ONSV / SINESP (Observatório Nacional de Segurança Viária, Jan 2026) | E5: https://www.onsv.org.br/ | F5: National context: Brazil is far from SDG/Vision Zero trajectories
B6: Brazil — federal highway deaths, 2025 | C6: 6,044 deaths on federal (BR) highways | D6: PRF (Polícia Rodoviária Federal), via ILOS summary | E6: https://www.gov.br/prf/ | F6: PRF jurisdiction only (federal highways)
B7: Truck share of deaths — federal highways | C7: Trucks/cargo vehicles involved in ~44% of deaths on BR highways (514 of 1,172 in PRF 2026 carnival tally) | D7: PRF press release (Feb 2026), reported by Transporte Moderno / LexLegal | E7: https://transportemoderno.com.br/ | F7: Federal network carries long-haul freight — much higher truck share than São Paulo State overall (16.2%)
B8: Truck share of crashes — federal highways | C8: Trucks involved in ~20% of crashes on federal highways | D8: CNT — Confederação Nacional do Transporte, 'Acidentes Rodoviários com Caminhões' | E8: https://cnt.org.br/ | F8: CNT analysis of PRF data
B9: VRU share of road deaths — São Paulo | C9: Vulnerable road users ≈ 35% of road deaths in São Paulo | D9: Isler & Huang (2024), 'Developing accident frequency prediction models for urban roads: a case study in São Paulo, Brazil' | E9: https://www.sciencedirect.com/ | F9: This study: pedestrians+cyclists = 30.8% of SP state deaths 2015–2025 (24.2% + 6.5%)
B10: SP state road network crash totals, 2024 | C10: 2,056 fatal crashes; 20,065 injury crashes; 7,072 property-damage-only (DER + conceded state network) | D10: DER-SP, Anuário Rodoviário de Sinistralidade 2024 | E10: https://dadosabertos.sp.gov.br/ | F10: Anuário cites INFOSIGA — consistent with this workbook's INFOSIGA base
B11: SP state road network fatality index, 2024 | C11: 1.51 fatal-crash deaths per 100k inhabitants (state road network) | D11: DER-SP, Anuário Rodoviário de Sinistralidade 2024 | E11: https://dadosabertos.sp.gov.br/ | F11: This study: whole-state rate 13.44/100k (all roads)
B12: Crash costs — DER network, 2024 | C12: ~R$ 2.5 billion total; fatal crashes dominate the remainder | D12: DER-SP, Anuário Rodoviário de Sinistralidade 2024 | E12: https://dadosabertos.sp.gov.br/ | F12: Economic rationale for severity-focused policy
B13: DER-SP institutional target | C13: Reduce fatal victims by 50% (Vision-Zero-type goal); UPS severity index = PDO×1 + injury×5 + fatal×13 | D13: DER-SP, Anuário Rodoviário de Sinistralidade 2024 | E13: https://dadosabertos.sp.gov.br/ | F13: Policy target against which this study's findings can be read
B14: International contrast — large trucks | C14: Large trucks ≈ 4% of registered vehicles but ≈ 8% of fatal crashes (US) | D14: PMC — 'Classification of truck-involved crash severity: dealing with missing data' | E14: https://pmc.ncbi.nlm.nih.gov/ | F14: In São Paulo State: trucks ≈ 15.4% of fatal crashes (2015–2025) — far higher involvement
B15: THIS STUDY — truck involvement, SP State | C15: Trucks in 15.4% of fatal crashes and 16.2% of deaths (2015–2025); 11.1% of truck-involved crashes are fatal vs 3.7% without trucks | D15: This workbook — INFOSIGA-SP microdata analysis | E15: https://dadosabertos.sp.gov.br/dataset/sinistros-infosiga | F15: Crude OR 3.27; adjusted OR 2.55 (95% CI 2.46–2.63)

Sheet Sources
B2: Source Registry — All Data Used, with Verification Links
B4: Dataset | C4: Producer | D4: Portal | E4: URL | F4: Format | G4: Coverage/Volume | H4: Access date | I4: License
B5: INFOSIGA-SP crash events (sinistros), monthly CSVs Jan 2015 – Dec 2025 | C5: DETRAN-SP / INFOSIGA | D5: dadosabertos.sp.gov.br | E5: https://dadosabertos.sp.gov.br/dataset/eventos-de-sinistro | F5: CSV (132 files) | G5: 1,324,688 crash events | H5: 2026-08-26 | I5: CC-BY-4.0
B6: INFOSIGA-SP people involved (pessoas), monthly CSVs Jan 2015 – Dec 2025 | C6: DETRAN-SP / INFOSIGA | D6: dadosabertos.sp.gov.br | E6: https://dadosabertos.sp.gov.br/dataset/pessoas-envolvidas-em-sinistros | F6: CSV (132 files) | G6: 1,793,339 person records | H6: 2026-08-26 | I6: CC-BY-4.0
B7: INFOSIGA-SP vehicles involved (veiculos), monthly CSVs Jan 2015 – Dec 2025 | C7: DETRAN-SP / INFOSIGA | D7: dadosabertos.sp.gov.br | E7: https://dadosabertos.sp.gov.br/dataset/veiculos-envolvidos-em-sinistros | F7: CSV (132 files) | G7: 1,566,306 vehicle records | H7: 2026-08-26 | I7: CC-BY-4.0
B8: INFOSIGA consolidated ZIP (for reference; monthly files used instead) | C8: DETRAN-SP / INFOSIGA | D8: dadosabertos.sp.gov.br | E8: https://dadosabertos.sp.gov.br/dataset/sinistros-infosiga | F8: ZIP | G8: Reference | H8: 2026-08-26 | I8: CC-BY-4.0
B9: IBGE 2022 Census — resident population, all 645 SP municipalities | C9: IBGE | D9: SIDRA table 4709 | E9: https://sidra.ibge.gov.br/tabela/4709 | F9: API/CSV | G9: 44,411,238 inhabitants | H9: 2026-08-26 | I9: Open
B10: IBGE annual population estimates, SP State 2015–2025 | C10: IBGE | D10: SIDRA table 6579 (+Census 2022) | E10: https://sidra.ibge.gov.br/tabela/6579 | F10: API/CSV | G10: 11 annual values | H10: 2026-08-26 | I10: Open
B11: DER-SP — Volume Diário Médio (VDM) 2020–2025 | C11: DER-SP | D11: dadosabertos.sp.gov.br | E11: https://dadosabertos.sp.gov.br/dataset/volume-diario-medio-das-rodovias-vdm | F11: XLSX | G11: 70 monitored segments | H11: 2026-08-26 | I11: Open
B12: DER-SP — Sinistros on DER-administered network, 2023–2025 | C12: DER-SP | D12: dadosabertos.sp.gov.br | E12: https://dadosabertos.sp.gov.br/dataset/acidentes | F12: XLSX (3 files) | G12: 41,870 crashes | H12: 2026-08-26 | I12: Open
B13: DER-SP — Anuário Rodoviário de Sinistralidade 2024 | C13: DER-SP | D13: dadosabertos.sp.gov.br | E13: https://dadosabertos.sp.gov.br/dataset/anuario-rodoviario-de-acidentes | F13: PDF | G13: Official annual report | H13: 2026-08-26 | I13: Open
B14: DER-SP — State road network (Sistema Rodoviário Estadual) | C14: DER-SP | D14: dadosabertos.sp.gov.br | E14: https://dadosabertos.sp.gov.br/dataset/sistema-rodoviario-estadual | F14: XLSX/SHP | G14: Network reference | H14: 2026-08-26 | I14: Open
B15: ONSV — 2024 national traffic-death estimate | C15: ONSV | D15: onsv.org.br | E15: https://www.onsv.org.br/ | F15: Report | G15: 37,150 deaths (2024) | H15: 2026-08-26 | I15: Public
... B18: Isler & Huang (2024) — crash-frequency models, São Paulo urban roads | C18: ScienceDirect | D18: sciencedirect.com | E18: https://www.sciencedirect.com/ | F18: Paper | G18: VRU benchmark | H18: 2026-08-26 | I18: Public

Sheet Review
B2: Integrity Review — Cross-Validation of Workbook Figures
B4: Check | C4: Expected (analysis pipeline) | D4: Actual (workbook formula) | E4: Status
B5: Total fatal crashes 2015–2025 (Annual_Series sum) | C5: 57052 | D5: =SUM(Annual_Series!C5:C15) -> 57052 | E5: =IF(ROUND(C5,0)=ROUND(D5,0),"PASS","CHECK") -> PASS
B6: Total deaths 2015–2025 (Annual_Series sum) | C6: 60820 | D6: =SUM(Annual_Series!D5:D15) -> 60820 | E6: =IF(ROUND(C6,0)=ROUND(D6,0),"PASS","CHECK") -> PASS
B7: Truck-involved fatal crashes (Annual_Series sum) | C7: 8779 | D7: =SUM(Annual_Series!E5:E15) -> 8779 | E7: =IF(ROUND(C7,0)=ROUND(D7,0),"PASS","CHECK") -> PASS
B8: Truck-involved deaths (Annual_Series sum) | C8: 9830 | D8: =SUM(Annual_Series!F5:F15) -> 9830 | E8: =IF(ROUND(C8,0)=ROUND(D8,0),"PASS","CHECK") -> PASS
B9: Crashes with victims 2019–2025 (Severity_Spectrum 'All' row) | C9: 870477 | D9: =Severity_Spectrum!C5 -> 870477 | E9: =IF(ROUND(C9,0)=ROUND(D9,0),"PASS","CHECK") -> PASS
B10: Fatal crashes 2019–2025 (Severity_Spectrum 'All' row) | C10: 35844 | D10: =Severity_Spectrum!D5 -> 35844 | E10: =IF(ROUND(C10,0)=ROUND(D10,0),"PASS","CHECK") -> PASS
B11: Deaths 2019–2025 (Severity_Spectrum 'All' row) | C11: 38107 | D11: =Severity_Spectrum!E5 -> 38107 | E11: =IF(ROUND(C11,0)=ROUND(D11,0),"PASS","CHECK") -> PASS
B12: Corridor table: top-30 fatal-crash total | C12: 14677 | D12: =SUM(Corridors!D5:D34) -> 14677 | E12: =IF(ROUND(C12,0)=ROUND(D12,0),"PASS","CHECK") -> PASS
B13: Municipal top-50: deaths total | C13: 33682 | D13: =SUM(Municipalities!F5:F54) -> 33682 | E13: =IF(ROUND(C13,0)=ROUND(D13,0),"PASS","CHECK") -> PASS
B14: Regression crash-level n | C14: 868443 | D14: =Regression_Crash!H5 -> 868443 | E14: =IF(ROUND(C14,0)=ROUND(D14,0),"PASS","CHECK") -> PASS
B15: Regression person-level n | C15: 1485703 | D15: =Regression_Person!G5 -> 1485703 | E15: =IF(ROUND(C15,0)=ROUND(D15,0),"PASS","CHECK") -> PASS
B17: Expected values are computed by the analysis pipeline (scripts/analyze_infosiga.py) from the raw INFOSIGA microdata;
B18: Actual values are live formulas referencing the workbook tables. All rows must read PASS.
